시스템명(대분류),시스템명(소분류),정담당자의 팀,정담당자의 파트,정담당자의 이름,정담당자의 사무실 내선번호,정담당자의 핸드폰,부담당자의 팀,부담당자의 파트,부담당자의 이름,부담당자의 사무실 내선번호,부담당자의 핸드폰,리더 팀,리더 파트,리더이름,비고
ERP,ERP-인사관리-001,클라우드인프라팀,모델링파트,이지현,027893914,01008514874,AI서비스팀,API개발파트,최예린,002022862,01036091285,AI서비스팀,보안운영파트,최예린,
ERP,ERP-재무회계-002,플랫폼개발팀,API개발파트,민상철,027899724,01024111023,데이터엔지니어링팀,ETL파트,윤서연,002022860,01083257430,플랫폼개발팀,ETL파트,김민준,
MES,MES-생산관리-003,정보보안팀,모델링파트,김지현,027890542,01053686300,클라우드인프라팀,보안운영파트,최예린,002022673,01075100713,플랫폼개발팀,ETL파트,윤서연,
WMS,WMS-창고관리-004,데이터엔지니어링팀,보안운영파트,최진우,027893422,01093693178,데이터엔지니어링팀,보안운영파트,박지후,002022892,01081660535,정보보안팀,서버파트,한유진,
CRM,CRM-고객관리-005,데이터엔지니어링팀,서버파트,문준호,027896912,01039398402,AI서비스팀,API개발파트,정하윤,002022900,01010352341,데이터엔지니어링팀,모델링파트,박지후,
SRM,SRM-구매관리-006,플랫폼개발팀,API개발파트,홍승현,027898327,01027600467,정보보안팀,서버파트,서지후,002022927,01061244216,플랫폼개발팀,서버파트,이서준,
SCM,SCM-공급망관리-007,데이터엔지니어링팀,보안운영파트,정지영,027892786,01020990737,정보보안팀,모델링파트,한유진,002022445,01004957473,데이터엔지니어링팀,ETL파트,한유진,
보안,보안-접근제어-008,데이터엔지니어링팀,API개발파트,조건우,027891853,01024111023,플랫폼개발팀,서버파트,김민준,002022990,01080117936,클라우드인프라팀,API개발파트,김민준,
보안,보안-계정관리-009,AI서비스팀,보안운영파트,나미정,027894881,01036091285,AI서비스팀,보안운영파트,박지후,002022122,01091498118,데이터엔지니어링팀,API개발파트,윤서연,
보안,보안-침해탐지-010,AI서비스팀,모델링파트,강성호,027895597,01013069160,AI서비스팀,API개발파트,이서준,002022157,01091001798,정보보안팀,모델링파트,정하윤,
AI,AI-챗봇상담-011,AI서비스팀,모델링파트,최옥자,027899704,01042006279,AI서비스팀,ETL파트,최예린,002022703,01073724112,플랫폼개발팀,서버파트,최예린,
AI,AI-수요예측-012,데이터엔지니어링팀,ETL파트,허지후,027899882,01085626562,클라우드인프라팀,모델링파트,장도윤,002022700,01014829639,정보보안팀,보안운영파트,박지후,
AI,AI-문서분석-013,데이터엔지니어링팀,모델링파트,최상호,027896093,01013414072,데이터엔지니어링팀,서버파트,오지훈,002022140,01025093075,데이터엔지니어링팀,서버파트,장도윤,
데이터,데이터-ETL플랫폼-014,플랫폼개발팀,API개발파트,최영길,027892459,01074396677,데이터엔지니어링팀,모델링파트,서지후,002022821,01034825250,정보보안팀,API개발파트,한유진,
데이터,데이터-허브-015,클라우드인프라팀,보안운영파트,황은영,027892631,01026604577,정보보안팀,서버파트,박지후,002022904,01091856478,클라우드인프라팀,API개발파트,최예린,
모니터링,모니터링-장애감시-016,플랫폼개발팀,보안운영파트,장하은,027895532,01013787631,정보보안팀,ETL파트,서지후,002022094,01094493533,플랫폼개발팀,서버파트,서지후,
모니터링,모니터링-로그분석-017,AI서비스팀,모델링파트,김도윤,027899277,01013787631,정보보안팀,서버파트,이서준,002022654,01093896424,플랫폼개발팀,보안운영파트,장도윤,
그룹웨어,그룹웨어-전자결재-018,클라우드인프라팀,ETL파트,최미경,027899498,01026191262,정보보안팀,ETL파트,서지후,002022925,01053401649,데이터엔지니어링팀,서버파트,박지후,
그룹웨어,그룹웨어-메일시스템-019,정보보안팀,API개발파트,김민재,027890742,01091708534,데이터엔지니어링팀,보안운영파트,박지후,002022082,01091293573,정보보안팀,ETL파트,윤서연,
모바일,모바일-사내앱-020,플랫폼개발팀,서버파트,윤우진,027897023,01045151391,플랫폼개발팀,ETL파트,윤서연,002022817,01035202199,AI서비스팀,모델링파트,한유진,
포탈,포탈-인트라넷-021,AI서비스팀,모델링파트,김서현,027899077,01006891265,AI서비스팀,보안운영파트,윤서연,002022177,01090162130,클라우드인프라팀,ETL파트,박지후,
포탈,포탈-고객사이트-022,플랫폼개발팀,모델링파트,최상현,027892311,01052398395,플랫폼개발팀,모델링파트,오지훈,002022817,01000442637,데이터엔지니어링팀,보안운영파트,장도윤,
클라우드,클라우드-자원관리-023,클라우드인프라팀,API개발파트,백은서,027892415,01095421930,플랫폼개발팀,API개발파트,장도윤,002022471,01073739063,데이터엔지니어링팀,서버파트,최예린,
클라우드,클라우드-모니터링-024,플랫폼개발팀,ETL파트,김하윤,027891937,01056792548,정보보안팀,API개발파트,박지후,002022281,01074396677,데이터엔지니어링팀,ETL파트,김민준,
네트워크,네트워크-방화벽관리-025,정보보안팀,보안운영파트,고준서,027895747,01096982747,AI서비스팀,API개발파트,최예린,002022516,01037993378,플랫폼개발팀,ETL파트,최예린,
네트워크,네트워크-네트워크장비-026,플랫폼개발팀,모델링파트,장지영,027891515,01092738709,클라우드인프라팀,ETL파트,오지훈,002022685,01000442637,AI서비스팀,모델링파트,한유진,
인프라,인프라-서버관리-027,플랫폼개발팀,보안운영파트,김정숙,027896385,01028659711,데이터엔지니어링팀,API개발파트,이서준,002022673,01035202199,플랫폼개발팀,서버파트,윤서연,
인프라,인프라-백업시스템-028,정보보안팀,서버파트,김민수,027892575,01012182781,데이터엔지니어링팀,서버파트,윤서연,002022319,01084734887,AI서비스팀,보안운영파트,윤서연,
ITSM,ITSM-서비스포탈-029,정보보안팀,서버파트,박숙자,027899056,01013787631,플랫폼개발팀,API개발파트,오지훈,002022197,01010749328,클라우드인프라팀,API개발파트,정하윤,
ITSM,ITSM-장애관리-030,정보보안팀,보안운영파트,신정식,027891694,01012315213,데이터엔지니어링팀,서버파트,정하윤,002022930,01069164692,AI서비스팀,모델링파트,김민준,
ERP,ERP-인사관리-031,플랫폼개발팀,API개발파트,최종수,027894800,01056781252,클라우드인프라팀,서버파트,장도윤,002022251,01024097705,데이터엔지니어링팀,보안운영파트,정하윤,
ERP,ERP-재무회계-032,데이터엔지니어링팀,서버파트,차정훈,027897977,01039222754,클라우드인프라팀,서버파트,한유진,002022742,01074767713,플랫폼개발팀,ETL파트,서지후,
MES,MES-생산관리-033,클라우드인프라팀,API개발파트,김영순,027896492,01032810461,정보보안팀,서버파트,장도윤,002022040,01061244216,데이터엔지니어링팀,보안운영파트,정하윤,
WMS,WMS-창고관리-034,플랫폼개발팀,API개발파트,강도윤,027897850,01056627442,플랫폼개발팀,보안운영파트,박지후,002022658,01014060790,AI서비스팀,서버파트,한유진,
CRM,CRM-고객관리-035,AI서비스팀,API개발파트,이민서,027894918,01039720966,클라우드인프라팀,모델링파트,한유진,002022781,01073604704,AI서비스팀,API개발파트,오지훈,
SRM,SRM-구매관리-036,플랫폼개발팀,모델링파트,강건우,027893944,01064650915,클라우드인프라팀,API개발파트,이서준,002022549,01084060608,플랫폼개발팀,서버파트,정하윤,
SCM,SCM-공급망관리-037,AI서비스팀,API개발파트,박영숙,027899794,01091856478,플랫폼개발팀,보안운영파트,정하윤,002022584,01010749328,플랫폼개발팀,보안운영파트,오지훈,
보안,보안-접근제어-038,플랫폼개발팀,서버파트,강민석,027891401,01034825250,데이터엔지니어링팀,보안운영파트,이서준,002022233,01091293573,정보보안팀,API개발파트,정하윤,
보안,보안-계정관리-039,클라우드인프라팀,서버파트,김현지,027899830,01060714835,플랫폼개발팀,보안운영파트,한유진,002022047,01037239485,정보보안팀,모델링파트,이서준,
보안,보안-침해탐지-040,클라우드인프라팀,API개발파트,김정자,027890512,01039222754,데이터엔지니어링팀,모델링파트,이서준,002022421,01042469568,플랫폼개발팀,서버파트,박지후,
AI,AI-챗봇상담-041,정보보안팀,서버파트,윤옥자,027893292,01052252136,데이터엔지니어링팀,모델링파트,서지후,002022495,01037448005,데이터엔지니어링팀,API개발파트,윤서연,
AI,AI-수요예측-042,플랫폼개발팀,보안운영파트,장은주,027896305,01092738709,AI서비스팀,API개발파트,한유진,002022264,01096982747,정보보안팀,서버파트,오지훈,
AI,AI-문서분석-043,데이터엔지니어링팀,ETL파트,배주원,027892950,01047141987,데이터엔지니어링팀,ETL파트,정하윤,002022762,01018404864,클라우드인프라팀,보안운영파트,장도윤,
데이터,데이터-ETL플랫폼-044,정보보안팀,API개발파트,엄현숙,027890792,01073604704,정보보안팀,ETL파트,최예린,002022081,01004239928,AI서비스팀,모델링파트,한유진,
데이터,데이터-허브-045,클라우드인프라팀,모델링파트,김건우,027899592,01047976217,정보보안팀,API개발파트,한유진,002022313,01033284938,AI서비스팀,API개발파트,정하윤,
모니터링,모니터링-장애감시-046,클라우드인프라팀,모델링파트,남수진,027892126,01079390507,AI서비스팀,모델링파트,한유진,002022880,01053686300,데이터엔지니어링팀,API개발파트,박지후,
모니터링,모니터링-로그분석-047,정보보안팀,서버파트,이영자,027891770,01006913159,정보보안팀,모델링파트,김민준,002022817,01090547133,플랫폼개발팀,API개발파트,정하윤,
그룹웨어,그룹웨어-전자결재-048,데이터엔지니어링팀,서버파트,권주원,027894205,01075100713,데이터엔지니어링팀,ETL파트,윤서연,002022760,01079607774,클라우드인프라팀,모델링파트,김민준,
그룹웨어,그룹웨어-메일시스템-049,정보보안팀,모델링파트,허영식,027894402,01007201861,AI서비스팀,ETL파트,박지후,002022580,01050851377,클라우드인프라팀,ETL파트,최예린,
모바일,모바일-사내앱-050,정보보안팀,모델링파트,김은경,027895825,01048557061,플랫폼개발팀,서버파트,장도윤,002022281,01083257430,데이터엔지니어링팀,서버파트,김민준,
포탈,포탈-인트라넷-051,데이터엔지니어링팀,모델링파트,박아름,027897702,01034614361,정보보안팀,모델링파트,박지후,002022808,01025579967,클라우드인프라팀,모델링파트,최예린,
포탈,포탈-고객사이트-052,플랫폼개발팀,서버파트,조중수,027899332,01062827153,정보보안팀,ETL파트,오지훈,002022972,01022238107,플랫폼개발팀,보안운영파트,윤서연,
클라우드,클라우드-자원관리-053,정보보안팀,보안운영파트,양정숙,027896329,01092411833,플랫폼개발팀,모델링파트,정하윤,002022589,01063290457,데이터엔지니어링팀,보안운영파트,이서준,
클라우드,클라우드-모니터링-054,플랫폼개발팀,모델링파트,심미정,027898733,01088159423,정보보안팀,서버파트,서지후,002022584,01024777441,클라우드인프라팀,ETL파트,김민준,
네트워크,네트워크-방화벽관리-055,데이터엔지니어링팀,보안운영파트,서예원,027897588,01079475314,클라우드인프라팀,모델링파트,서지후,002022126,01079607774,데이터엔지니어링팀,모델링파트,이서준,
네트워크,네트워크-네트워크장비-056,정보보안팀,서버파트,양예원,027894291,01023998865,클라우드인프라팀,ETL파트,박지후,002022817,01012182781,정보보안팀,보안운영파트,최예린,
인프라,인프라-서버관리-057,데이터엔지니어링팀,ETL파트,유서영,027893158,01046426315,정보보안팀,API개발파트,박지후,002022838,01074767713,AI서비스팀,보안운영파트,서지후,
인프라,인프라-백업시스템-058,AI서비스팀,보안운영파트,이경희,027890523,01082581446,플랫폼개발팀,API개발파트,김민준,002022892,01024777441,플랫폼개발팀,API개발파트,정하윤,
ITSM,ITSM-서비스포탈-059,데이터엔지니어링팀,서버파트,이현정,027897636,01064371575,클라우드인프라팀,모델링파트,오지훈,002022863,01022318589,AI서비스팀,ETL파트,최예린,
ITSM,ITSM-장애관리-060,플랫폼개발팀,모델링파트,유정남,027893343,01026505962,AI서비스팀,ETL파트,김민준,002022035,01030507420,클라우드인프라팀,서버파트,오지훈,
ERP,ERP-인사관리-061,플랫폼개발팀,서버파트,이상호,027892576,01034614361,데이터엔지니어링팀,API개발파트,정하윤,002022942,01021672580,클라우드인프라팀,API개발파트,정하윤,
ERP,ERP-재무회계-062,정보보안팀,서버파트,이정식,027896185,01001099159,데이터엔지니어링팀,보안운영파트,서지후,002022251,01073140643,플랫폼개발팀,보안운영파트,서지후,
MES,MES-생산관리-063,AI서비스팀,모델링파트,김지후,027894613,01032810461,데이터엔지니어링팀,API개발파트,최예린,002022148,01044535517,AI서비스팀,서버파트,서지후,
WMS,WMS-창고관리-064,정보보안팀,ETL파트,최경자,027899341,01084060608,AI서비스팀,서버파트,이서준,002022760,01090254121,AI서비스팀,보안운영파트,박지후,
CRM,CRM-고객관리-065,플랫폼개발팀,보안운영파트,강은정,027898090,01019727203,AI서비스팀,API개발파트,이서준,002022514,01099894906,데이터엔지니어링팀,API개발파트,정하윤,
SRM,SRM-구매관리-066,정보보안팀,API개발파트,김진우,027892496,01088143154,정보보안팀,API개발파트,한유진,002022899,01049967212,AI서비스팀,모델링파트,김민준,
SCM,SCM-공급망관리-067,정보보안팀,보안운영파트,박춘자,027892920,01073604704,데이터엔지니어링팀,보안운영파트,한유진,002022334,01097800710,정보보안팀,보안운영파트,한유진,
보안,보안-접근제어-068,클라우드인프라팀,보안운영파트,장영식,027897138,01089248330,AI서비스팀,모델링파트,장도윤,002022201,01010838029,플랫폼개발팀,API개발파트,윤서연,
보안,보안-계정관리-069,정보보안팀,서버파트,황성민,027895813,01047225946,클라우드인프라팀,API개발파트,최예린,002022277,01064650915,정보보안팀,서버파트,한유진,
보안,보안-침해탐지-070,플랫폼개발팀,ETL파트,문민재,027893689,01082133753,정보보안팀,API개발파트,이서준,002022082,01075100713,플랫폼개발팀,API개발파트,한유진,
AI,AI-챗봇상담-071,AI서비스팀,API개발파트,김옥순,027898831,01059098168,정보보안팀,API개발파트,최예린,002022215,01014829639,AI서비스팀,모델링파트,장도윤,
AI,AI-수요예측-072,정보보안팀,모델링파트,조정수,027895751,01025512265,데이터엔지니어링팀,API개발파트,박지후,002022549,01023998865,클라우드인프라팀,ETL파트,오지훈,
AI,AI-문서분석-073,정보보안팀,API개발파트,김도현,027894488,01020247086,정보보안팀,API개발파트,이서준,002022197,01004239928,정보보안팀,서버파트,김민준,
데이터,데이터-ETL플랫폼-074,플랫폼개발팀,API개발파트,송도윤,027898984,01056256155,AI서비스팀,모델링파트,김민준,002022778,01015452535,데이터엔지니어링팀,ETL파트,장도윤,
데이터,데이터-허브-075,데이터엔지니어링팀,ETL파트,양옥순,027893118,01075164306,플랫폼개발팀,API개발파트,박지후,002022758,01093896424,정보보안팀,ETL파트,한유진,
모니터링,모니터링-장애감시-076,데이터엔지니어링팀,보안운영파트,김예은,027894013,01004957473,데이터엔지니어링팀,ETL파트,윤서연,002022576,01053401649,정보보안팀,ETL파트,정하윤,
모니터링,모니터링-로그분석-077,플랫폼개발팀,보안운영파트,진순자,027896534,01092693214,정보보안팀,모델링파트,최예린,002022568,01021544141,AI서비스팀,보안운영파트,최예린,
그룹웨어,그룹웨어-전자결재-078,데이터엔지니어링팀,서버파트,김영수,027890976,01047641817,AI서비스팀,ETL파트,김민준,002022312,01023998865,클라우드인프라팀,API개발파트,윤서연,
그룹웨어,그룹웨어-메일시스템-079,플랫폼개발팀,API개발파트,김현우,027897015,01052252136,정보보안팀,모델링파트,최예린,002022319,01071224069,데이터엔지니어링팀,ETL파트,박지후,
모바일,모바일-사내앱-080,정보보안팀,API개발파트,배준혁,027894952,01090068555,데이터엔지니어링팀,모델링파트,이서준,002022752,01008724361,AI서비스팀,서버파트,김민준,
포탈,포탈-인트라넷-081,플랫폼개발팀,보안운영파트,심영미,027898208,01092785611,정보보안팀,ETL파트,한유진,002022277,01001794542,데이터엔지니어링팀,ETL파트,이서준,
포탈,포탈-고객사이트-082,데이터엔지니어링팀,API개발파트,황영자,027894427,01060714835,데이터엔지니어링팀,모델링파트,서지후,002022465,01047976217,데이터엔지니어링팀,보안운영파트,김민준,
클라우드,클라우드-자원관리-083,데이터엔지니어링팀,API개발파트,안준서,027892199,01048557061,데이터엔지니어링팀,서버파트,서지후,002022940,01026019540,플랫폼개발팀,API개발파트,김민준,
클라우드,클라우드-모니터링-084,플랫폼개발팀,ETL파트,최영호,027898286,01022318589,정보보안팀,모델링파트,서지후,002022643,01025565803,정보보안팀,서버파트,장도윤,
네트워크,네트워크-방화벽관리-085,플랫폼개발팀,서버파트,강서윤,027897155,01004957473,데이터엔지니어링팀,API개발파트,서지후,002022099,01022713785,정보보안팀,API개발파트,박지후,
네트워크,네트워크-네트워크장비-086,AI서비스팀,모델링파트,김재현,027898850,01000851976,데이터엔지니어링팀,API개발파트,윤서연,002022555,01054302763,데이터엔지니어링팀,ETL파트,한유진,
인프라,인프라-서버관리-087,플랫폼개발팀,보안운영파트,송진우,027896245,01033210482,플랫폼개발팀,서버파트,서지후,002022633,01001099159,데이터엔지니어링팀,ETL파트,이서준,
인프라,인프라-백업시스템-088,데이터엔지니어링팀,API개발파트,서예진,027893535,01024111023,플랫폼개발팀,API개발파트,김민준,002022737,01056781252,AI서비스팀,모델링파트,장도윤,
ITSM,ITSM-서비스포탈-089,AI서비스팀,보안운영파트,민윤서,027898039,01046549399,클라우드인프라팀,모델링파트,박지후,002022133,01006891265,플랫폼개발팀,ETL파트,김민준,
ITSM,ITSM-장애관리-090,정보보안팀,보안운영파트,김성민,027896629,01052398395,정보보안팀,ETL파트,김민준,002022025,01047141987,정보보안팀,서버파트,오지훈,
ERP,ERP-인사관리-091,AI서비스팀,API개발파트,최민지,027893670,01090068555,데이터엔지니어링팀,보안운영파트,서지후,002022982,01036554757,데이터엔지니어링팀,API개발파트,박지후,
ERP,ERP-재무회계-092,AI서비스팀,ETL파트,고정희,027899720,01092411833,데이터엔지니어링팀,ETL파트,이서준,002022915,01010352341,정보보안팀,모델링파트,박지후,
MES,MES-생산관리-093,AI서비스팀,ETL파트,진상현,027891264,01058894570,데이터엔지니어링팀,서버파트,이서준,002022613,01000210546,플랫폼개발팀,API개발파트,장도윤,
WMS,WMS-창고관리-094,AI서비스팀,보안운영파트,송지아,027893044,01024777441,클라우드인프라팀,API개발파트,김민준,002022459,01026154777,AI서비스팀,API개발파트,오지훈,
CRM,CRM-고객관리-095,데이터엔지니어링팀,API개발파트,신보람,027892514,01048971407,AI서비스팀,보안운영파트,윤서연,002022312,01049464342,정보보안팀,ETL파트,이서준,
SRM,SRM-구매관리-096,정보보안팀,ETL파트,최은영,027896747,01026505962,클라우드인프라팀,모델링파트,한유진,002022781,01080532185,AI서비스팀,API개발파트,서지후,
SCM,SCM-공급망관리-097,정보보안팀,보안운영파트,류정자,027898111,01061244216,데이터엔지니어링팀,보안운영파트,오지훈,002022290,01093822730,데이터엔지니어링팀,서버파트,이서준,
보안,보안-접근제어-098,플랫폼개발팀,보안운영파트,이상훈,027895079,01048314389,데이터엔지니어링팀,모델링파트,정하윤,002022215,01039720966,클라우드인프라팀,API개발파트,정하윤,
보안,보안-계정관리-099,플랫폼개발팀,API개발파트,김정남,027896145,01073140643,클라우드인프라팀,서버파트,윤서연,002022817,01010749328,클라우드인프라팀,ETL파트,최예린,
보안,보안-침해탐지-100,AI서비스팀,보안운영파트,최지은,027899685,01074396677,데이터엔지니어링팀,ETL파트,오지훈,002022290,01014829639,데이터엔지니어링팀,ETL파트,윤서연,
AI,AI-챗봇상담-101,데이터엔지니어링팀,ETL파트,김현준,027891272,01048314389,클라우드인프라팀,서버파트,한유진,002022338,01066998701,플랫폼개발팀,서버파트,정하윤,
AI,AI-수요예측-102,AI서비스팀,모델링파트,나중수,027892091,01093896424,플랫폼개발팀,서버파트,윤서연,002022177,01042006279,클라우드인프라팀,모델링파트,윤서연,
AI,AI-문서분석-103,데이터엔지니어링팀,ETL파트,김은지,027896847,01092738709,정보보안팀,ETL파트,장도윤,002022618,01047976217,AI서비스팀,서버파트,윤서연,
데이터,데이터-ETL플랫폼-104,데이터엔지니어링팀,서버파트,류숙자,027894820,01075801775,플랫폼개발팀,모델링파트,한유진,002022930,01079946995,AI서비스팀,ETL파트,김민준,
데이터,데이터-허브-105,클라우드인프라팀,보안운영파트,이건우,027890428,01090547133,AI서비스팀,보안운영파트,서지후,002022940,01049785954,데이터엔지니어링팀,API개발파트,정하윤,
모니터링,모니터링-장애감시-106,클라우드인프라팀,API개발파트,김상호,027891619,01004957473,데이터엔지니어링팀,보안운영파트,오지훈,002022857,01037476972,AI서비스팀,모델링파트,이서준,
모니터링,모니터링-로그분석-107,AI서비스팀,보안운영파트,김영자,027892499,01053373703,클라우드인프라팀,모델링파트,한유진,002022990,01052252136,플랫폼개발팀,ETL파트,오지훈,
그룹웨어,그룹웨어-전자결재-108,데이터엔지니어링팀,모델링파트,윤예원,027896586,01010303540,AI서비스팀,ETL파트,윤서연,002022177,01005252018,클라우드인프라팀,서버파트,장도윤,
그룹웨어,그룹웨어-메일시스템-109,AI서비스팀,모델링파트,권동현,027890863,01063290457,AI서비스팀,모델링파트,김민준,002022422,01037153530,클라우드인프라팀,모델링파트,김민준,
모바일,모바일-사내앱-110,플랫폼개발팀,보안운영파트,김민서,027892043,01094827935,클라우드인프라팀,보안운영파트,오지훈,002022942,01049464342,플랫폼개발팀,모델링파트,윤서연,
포탈,포탈-인트라넷-111,클라우드인프라팀,보안운영파트,이도윤,027895192,01021348319,AI서비스팀,ETL파트,박지후,002022673,01090068555,AI서비스팀,API개발파트,오지훈,
포탈,포탈-고객사이트-112,AI서비스팀,ETL파트,김혜진,027899627,01009118982,정보보안팀,서버파트,오지훈,002022086,01073604704,클라우드인프라팀,서버파트,오지훈,
클라우드,클라우드-자원관리-113,데이터엔지니어링팀,API개발파트,박미경,027891362,01034825250,데이터엔지니어링팀,서버파트,윤서연,002022613,01027600467,클라우드인프라팀,ETL파트,이서준,
클라우드,클라우드-모니터링-114,플랫폼개발팀,API개발파트,노옥순,027893774,01005252018,정보보안팀,API개발파트,정하윤,002022133,01024431558,데이터엔지니어링팀,ETL파트,장도윤,
네트워크,네트워크-방화벽관리-115,클라우드인프라팀,보안운영파트,박하은,027897290,01026019540,클라우드인프라팀,API개발파트,서지후,002022665,01091856478,클라우드인프라팀,API개발파트,박지후,
네트워크,네트워크-네트워크장비-116,클라우드인프라팀,모델링파트,문서연,027895871,01093822730,AI서비스팀,모델링파트,이서준,002022817,01093822730,데이터엔지니어링팀,ETL파트,최예린,
인프라,인프라-서버관리-117,AI서비스팀,모델링파트,이준영,027890123,01024431558,정보보안팀,보안운영파트,한유진,002022864,01036091285,AI서비스팀,ETL파트,박지후,
인프라,인프라-백업시스템-118,AI서비스팀,ETL파트,한지은,027893334,01087762855,클라우드인프라팀,모델링파트,이서준,002022268,01054302763,플랫폼개발팀,서버파트,한유진,
ITSM,ITSM-서비스포탈-119,정보보안팀,ETL파트,서영식,027895522,01098988978,AI서비스팀,ETL파트,정하윤,002022350,01014829639,데이터엔지니어링팀,보안운영파트,박지후,
ITSM,ITSM-장애관리-120,플랫폼개발팀,API개발파트,류지후,027891401,01012865597,데이터엔지니어링팀,ETL파트,서지후,002022357,01003544149,플랫폼개발팀,API개발파트,서지후,
ERP,ERP-인사관리-121,AI서비스팀,API개발파트,류미숙,027899510,01065790294,정보보안팀,모델링파트,한유진,002022280,01042469568,AI서비스팀,모델링파트,정하윤,
ERP,ERP-재무회계-122,클라우드인프라팀,ETL파트,이보람,027896185,01053461587,클라우드인프라팀,API개발파트,최예린,002022122,01083257430,정보보안팀,보안운영파트,김민준,
MES,MES-생산관리-123,클라우드인프라팀,ETL파트,김영철,027890413,01047141987,데이터엔지니어링팀,보안운영파트,김민준,002022464,01053770221,플랫폼개발팀,ETL파트,오지훈,
WMS,WMS-창고관리-124,정보보안팀,서버파트,최하윤,027892814,01052517693,AI서비스팀,API개발파트,박지후,002022215,01056475226,데이터엔지니어링팀,보안운영파트,정하윤,
CRM,CRM-고객관리-125,정보보안팀,모델링파트,안은주,027899920,01084734887,AI서비스팀,서버파트,한유진,002022076,01073739063,데이터엔지니어링팀,ETL파트,김민준,
SRM,SRM-구매관리-126,클라우드인프라팀,서버파트,이숙자,027893640,01037294005,클라우드인프라팀,ETL파트,이서준,002022992,01084483241,데이터엔지니어링팀,보안운영파트,최예린,
SCM,SCM-공급망관리-127,데이터엔지니어링팀,API개발파트,김미영,027897112,01024431558,클라우드인프라팀,서버파트,서지후,002022915,01053401649,AI서비스팀,모델링파트,장도윤,
보안,보안-접근제어-128,데이터엔지니어링팀,서버파트,박동현,027897370,01005252018,데이터엔지니어링팀,API개발파트,서지후,002022589,01096287029,클라우드인프라팀,보안운영파트,오지훈,
보안,보안-계정관리-129,데이터엔지니어링팀,보안운영파트,김지은,027891472,01002431497,데이터엔지니어링팀,API개발파트,오지훈,002022399,01090547133,정보보안팀,서버파트,최예린,
보안,보안-침해탐지-130,클라우드인프라팀,모델링파트,최상철,027897006,01046426315,정보보안팀,모델링파트,오지훈,002022565,01075747140,정보보안팀,보안운영파트,윤서연,
AI,AI-챗봇상담-131,AI서비스팀,모델링파트,이정수,027894903,01091293573,플랫폼개발팀,모델링파트,장도윤,002022387,01021672580,플랫폼개발팀,모델링파트,박지후,
AI,AI-수요예측-132,정보보안팀,모델링파트,이정남,027897861,01010838029,정보보안팀,서버파트,박지후,002022924,01096982747,데이터엔지니어링팀,모델링파트,박지후,
AI,AI-문서분석-133,데이터엔지니어링팀,서버파트,박상현,027894539,01088204675,정보보안팀,서버파트,오지훈,002022633,01013069160,데이터엔지니어링팀,서버파트,서지후,
데이터,데이터-ETL플랫폼-134,데이터엔지니어링팀,모델링파트,박상호,027893821,01050843271,플랫폼개발팀,ETL파트,서지후,002022586,01019242885,정보보안팀,API개발파트,장도윤,
데이터,데이터-허브-135,정보보안팀,API개발파트,박준혁,027896110,01094827935,AI서비스팀,보안운영파트,정하윤,002022700,01066998701,데이터엔지니어링팀,ETL파트,윤서연,
모니터링,모니터링-장애감시-136,플랫폼개발팀,모델링파트,한영미,027894514,01022318589,클라우드인프라팀,서버파트,오지훈,002022942,01024777441,AI서비스팀,서버파트,김민준,
모니터링,모니터링-로그분석-137,클라우드인프라팀,ETL파트,백서윤,027893148,01058894570,AI서비스팀,모델링파트,한유진,002022414,01027268618,정보보안팀,서버파트,박지후,
그룹웨어,그룹웨어-전자결재-138,데이터엔지니어링팀,모델링파트,김시우,027898324,01033284938,정보보안팀,보안운영파트,오지훈,002022903,01033284938,데이터엔지니어링팀,보안운영파트,오지훈,
그룹웨어,그룹웨어-메일시스템-139,정보보안팀,보안운영파트,이은지,027898641,01019242885,AI서비스팀,모델링파트,서지후,002022145,01006558554,정보보안팀,모델링파트,정하윤,
모바일,모바일-사내앱-140,플랫폼개발팀,보안운영파트,박지민,027890890,01089248330,플랫폼개발팀,보안운영파트,박지후,002022189,01047976217,정보보안팀,모델링파트,최예린,
포탈,포탈-인트라넷-141,데이터엔지니어링팀,서버파트,권지영,027891360,01007768656,AI서비스팀,모델링파트,서지후,002022530,01010303540,데이터엔지니어링팀,API개발파트,최예린,
포탈,포탈-고객사이트-142,데이터엔지니어링팀,보안운영파트,이민재,027893698,01099894906,플랫폼개발팀,서버파트,윤서연,002022081,01084483241,정보보안팀,ETL파트,서지후,
클라우드,클라우드-자원관리-143,플랫폼개발팀,보안운영파트,김미경,027891649,01056518126,데이터엔지니어링팀,보안운영파트,한유진,002022353,01052517693,정보보안팀,ETL파트,박지후,
클라우드,클라우드-모니터링-144,플랫폼개발팀,모델링파트,한미영,027893200,01046549399,AI서비스팀,모델링파트,이서준,002022081,01075164306,플랫폼개발팀,ETL파트,윤서연,
네트워크,네트워크-방화벽관리-145,플랫폼개발팀,ETL파트,김서영,027893444,01004239928,AI서비스팀,ETL파트,장도윤,002022777,01046893986,정보보안팀,서버파트,이서준,
네트워크,네트워크-네트워크장비-146,클라우드인프라팀,모델링파트,홍예은,027893354,01074592753,정보보안팀,보안운영파트,김민준,002022379,01056792548,AI서비스팀,서버파트,오지훈,
인프라,인프라-서버관리-147,클라우드인프라팀,ETL파트,배영호,027893462,01036956100,플랫폼개발팀,서버파트,윤서연,002022630,01090547133,정보보안팀,모델링파트,김민준,
인프라,인프라-백업시스템-148,클라우드인프라팀,API개발파트,이영희,027897556,01054466090,정보보안팀,API개발파트,장도윤,002022319,01058574502,정보보안팀,보안운영파트,최예린,
ITSM,ITSM-서비스포탈-149,정보보안팀,API개발파트,김은영,027895431,01058574502,AI서비스팀,API개발파트,오지훈,002022851,01088143154,데이터엔지니어링팀,보안운영파트,김민준,
ITSM,ITSM-장애관리-150,AI서비스팀,서버파트,박정훈,027896105,01065030642,AI서비스팀,모델링파트,장도윤,002022400,01089051607,AI서비스팀,서버파트,박지후,
ERP,ERP-인사관리-151,정보보안팀,모델링파트,이채원,027896204,01056475226,정보보안팀,모델링파트,이서준,002022753,01083257430,AI서비스팀,보안운영파트,김민준,
ERP,ERP-재무회계-152,클라우드인프라팀,보안운영파트,장승민,027891078,01046426315,플랫폼개발팀,서버파트,오지훈,002022908,01072158973,플랫폼개발팀,보안운영파트,박지후,
MES,MES-생산관리-153,플랫폼개발팀,보안운영파트,김지아,027895568,01047976217,플랫폼개발팀,API개발파트,장도윤,002022983,01065030642,클라우드인프라팀,API개발파트,장도윤,
WMS,WMS-창고관리-154,플랫폼개발팀,모델링파트,이예지,027899190,01078852128,클라우드인프라팀,서버파트,서지후,002022986,01064514746,플랫폼개발팀,보안운영파트,이서준,
CRM,CRM-고객관리-155,정보보안팀,API개발파트,김예지,027893058,01053632990,데이터엔지니어링팀,보안운영파트,정하윤,002022549,01012315213,AI서비스팀,ETL파트,한유진,
SRM,SRM-구매관리-156,데이터엔지니어링팀,API개발파트,김은정,027895347,01026191262,정보보안팀,서버파트,윤서연,002022403,01021544141,클라우드인프라팀,서버파트,한유진,
SCM,SCM-공급망관리-157,데이터엔지니어링팀,보안운영파트,양준서,027897270,01087305378,정보보안팀,ETL파트,장도윤,002022057,01010838029,AI서비스팀,서버파트,박지후,
보안,보안-접근제어-158,플랫폼개발팀,서버파트,김준혁,027896043,01093822730,데이터엔지니어링팀,보안운영파트,한유진,002022744,01042469568,데이터엔지니어링팀,서버파트,박지후,
보안,보안-계정관리-159,정보보안팀,서버파트,김영환,027891088,01090254121,정보보안팀,API개발파트,최예린,002022986,01034573038,데이터엔지니어링팀,보안운영파트,박지후,
보안,보안-침해탐지-160,정보보안팀,보안운영파트,김지원,027895977,01006341248,정보보안팀,모델링파트,서지후,002022224,01013278374,AI서비스팀,서버파트,박지후,
AI,AI-챗봇상담-161,AI서비스팀,서버파트,김성현,027896330,01036554757,AI서비스팀,모델링파트,윤서연,002022703,01093375984,플랫폼개발팀,ETL파트,서지후,
AI,AI-수요예측-162,클라우드인프라팀,서버파트,윤성현,027892552,01082581446,플랫폼개발팀,서버파트,김민준,002022122,01066187859,데이터엔지니어링팀,서버파트,최예린,
AI,AI-문서분석-163,데이터엔지니어링팀,모델링파트,안상현,027896217,01018404864,데이터엔지니어링팀,서버파트,한유진,002022565,01065053377,데이터엔지니어링팀,API개발파트,한유진,
데이터,데이터-ETL플랫폼-164,클라우드인프라팀,API개발파트,남상호,027894020,01046893986,클라우드인프라팀,API개발파트,오지훈,002022353,01053686300,플랫폼개발팀,보안운영파트,한유진,
데이터,데이터-허브-165,플랫폼개발팀,모델링파트,류성수,027896914,01088573730,AI서비스팀,모델링파트,김민준,002022350,01025088982,정보보안팀,서버파트,윤서연,
모니터링,모니터링-장애감시-166,데이터엔지니어링팀,모델링파트,이정희,027896732,01054302763,클라우드인프라팀,서버파트,한유진,002022403,01088573730,클라우드인프라팀,모델링파트,정하윤,
모니터링,모니터링-로그분석-167,데이터엔지니어링팀,서버파트,김주원,027895223,01084734887,AI서비스팀,보안운영파트,장도윤,002022057,01091293573,클라우드인프라팀,서버파트,이서준,
그룹웨어,그룹웨어-전자결재-168,AI서비스팀,서버파트,장준혁,027893205,01000851976,클라우드인프라팀,모델링파트,최예린,002022334,01043470124,플랫폼개발팀,ETL파트,최예린,
그룹웨어,그룹웨어-메일시스템-169,클라우드인프라팀,서버파트,황재현,027892933,01043241133,AI서비스팀,API개발파트,윤서연,002022658,01092693214,정보보안팀,ETL파트,정하윤,
모바일,모바일-사내앱-170,데이터엔지니어링팀,모델링파트,김민지,027890531,01039720966,클라우드인프라팀,모델링파트,정하윤,002022584,01014060790,AI서비스팀,서버파트,박지후,
포탈,포탈-인트라넷-171,정보보안팀,모델링파트,이서연,027892639,01062827153,클라우드인프라팀,ETL파트,최예린,002022583,01040546800,클라우드인프라팀,API개발파트,윤서연,
포탈,포탈-고객사이트-172,데이터엔지니어링팀,모델링파트,최성민,027894537,01049967212,데이터엔지니어링팀,API개발파트,서지후,002022040,01090068555,정보보안팀,모델링파트,장도윤,
클라우드,클라우드-자원관리-173,플랫폼개발팀,보안운영파트,이하은,027898131,01026191262,AI서비스팀,보안운영파트,한유진,002022900,01088204675,AI서비스팀,API개발파트,정하윤,
클라우드,클라우드-모니터링-174,데이터엔지니어링팀,ETL파트,황지우,027896742,01068954910,데이터엔지니어링팀,ETL파트,오지훈,002022047,01024097705,데이터엔지니어링팀,보안운영파트,박지후,
네트워크,네트워크-방화벽관리-175,AI서비스팀,보안운영파트,송수진,027894828,01068954910,데이터엔지니어링팀,API개발파트,윤서연,002022434,01049785954,클라우드인프라팀,서버파트,김민준,
네트워크,네트워크-네트워크장비-176,플랫폼개발팀,ETL파트,심영자,027897283,01023998865,AI서비스팀,보안운영파트,서지후,002022445,01089248330,플랫폼개발팀,ETL파트,장도윤,
인프라,인프라-서버관리-177,정보보안팀,API개발파트,서민재,027890065,01092411833,클라우드인프라팀,ETL파트,최예린,002022915,01056627442,정보보안팀,API개발파트,윤서연,
인프라,인프라-백업시스템-178,클라우드인프라팀,API개발파트,이지민,027895866,01087074888,AI서비스팀,모델링파트,정하윤,002022817,01073976915,클라우드인프라팀,보안운영파트,장도윤,
ITSM,ITSM-서비스포탈-179,데이터엔지니어링팀,ETL파트,구미영,027898497,01029789697,정보보안팀,모델링파트,김민준,002022465,01077761699,플랫폼개발팀,ETL파트,한유진,
ITSM,ITSM-장애관리-180,플랫폼개발팀,보안운영파트,김명숙,027890335,01053401649,정보보안팀,서버파트,오지훈,002022862,01074396677,플랫폼개발팀,ETL파트,윤서연,
ERP,ERP-인사관리-181,정보보안팀,서버파트,최명숙,027890266,01010838029,클라우드인프라팀,ETL파트,윤서연,002022892,01001099159,플랫폼개발팀,API개발파트,박지후,
ERP,ERP-재무회계-182,정보보안팀,보안운영파트,장우진,027895846,01052517693,데이터엔지니어링팀,보안운영파트,한유진,002022341,01056792548,클라우드인프라팀,API개발파트,최예린,
MES,MES-생산관리-183,클라우드인프라팀,모델링파트,차성호,027898902,01092738709,데이터엔지니어링팀,API개발파트,장도윤,002022203,01052398395,플랫폼개발팀,API개발파트,윤서연,
WMS,WMS-창고관리-184,데이터엔지니어링팀,모델링파트,정옥순,027893357,01046426315,데이터엔지니어링팀,ETL파트,서지후,002022140,01052252136,AI서비스팀,서버파트,최예린,
CRM,CRM-고객관리-185,데이터엔지니어링팀,모델링파트,서수진,027894721,01034614361,클라우드인프라팀,API개발파트,김민준,002022392,01093896424,AI서비스팀,보안운영파트,장도윤,
SRM,SRM-구매관리-186,클라우드인프라팀,보안운영파트,이종수,027897743,01036711373,정보보안팀,API개발파트,박지후,002022160,01084346034,클라우드인프라팀,ETL파트,한유진,
SCM,SCM-공급망관리-187,AI서비스팀,서버파트,박준서,027890265,01090254121,AI서비스팀,모델링파트,오지훈,002022025,01015452535,정보보안팀,API개발파트,김민준,
보안,보안-접근제어-188,AI서비스팀,API개발파트,곽영환,027890037,01059390682,AI서비스팀,ETL파트,장도윤,002022125,01014829639,AI서비스팀,ETL파트,정하윤,
보안,보안-계정관리-189,데이터엔지니어링팀,보안운영파트,손보람,027894880,01090162130,AI서비스팀,보안운영파트,정하윤,002022703,01044535517,플랫폼개발팀,보안운영파트,서지후,
보안,보안-침해탐지-190,플랫폼개발팀,API개발파트,심지훈,027898012,01006913159,데이터엔지니어링팀,서버파트,최예린,002022778,01088573730,플랫폼개발팀,서버파트,박지후,
AI,AI-챗봇상담-191,AI서비스팀,서버파트,이중수,027894457,01079390507,플랫폼개발팀,보안운영파트,최예린,002022375,01024777441,데이터엔지니어링팀,API개발파트,김민준,
AI,AI-수요예측-192,플랫폼개발팀,서버파트,양건우,027899372,01036626964,클라우드인프라팀,서버파트,이서준,002022927,01053469305,클라우드인프라팀,ETL파트,서지후,
AI,AI-문서분석-193,클라우드인프라팀,ETL파트,안지민,027894459,01056627442,플랫폼개발팀,서버파트,정하윤,002022930,01020247086,플랫폼개발팀,ETL파트,김민준,
데이터,데이터-ETL플랫폼-194,플랫폼개발팀,모델링파트,강은지,027890971,01025175611,클라우드인프라팀,보안운영파트,이서준,002022817,01019455146,정보보안팀,API개발파트,김민준,
데이터,데이터-허브-195,플랫폼개발팀,모델링파트,구서영,027891295,01073739063,클라우드인프라팀,ETL파트,최예린,002022579,01013278374,정보보안팀,보안운영파트,김민준,
모니터링,모니터링-장애감시-196,플랫폼개발팀,보안운영파트,김상현,027896634,01047225946,AI서비스팀,모델링파트,최예린,002022190,01096724146,데이터엔지니어링팀,모델링파트,서지후,
모니터링,모니터링-로그분석-197,정보보안팀,API개발파트,김명자,027898899,01018914957,AI서비스팀,서버파트,윤서연,002022930,01061244216,데이터엔지니어링팀,ETL파트,정하윤,
그룹웨어,그룹웨어-전자결재-198,데이터엔지니어링팀,API개발파트,신정희,027898113,01013787631,정보보안팀,서버파트,한유진,002022744,01026019540,클라우드인프라팀,서버파트,최예린,
그룹웨어,그룹웨어-메일시스템-199,데이터엔지니어링팀,서버파트,한영길,027892418,01006558554,클라우드인프라팀,ETL파트,김민준,002022122,01046893986,클라우드인프라팀,서버파트,장도윤,
모바일,모바일-사내앱-200,클라우드인프라팀,서버파트,박예준,027895513,01031607249,클라우드인프라팀,서버파트,윤서연,002022177,01008514874,플랫폼개발팀,보안운영파트,한유진,
포탈,포탈-인트라넷-201,AI서비스팀,ETL파트,서예지,027899123,01032810461,정보보안팀,서버파트,이서준,002022050,01030820920,AI서비스팀,모델링파트,한유진,
포탈,포탈-고객사이트-202,AI서비스팀,ETL파트,이예은,027895017,01080117936,플랫폼개발팀,ETL파트,이서준,002022379,01001099159,AI서비스팀,모델링파트,장도윤,
클라우드,클라우드-자원관리-203,플랫폼개발팀,ETL파트,박지원,027892421,01006891265,데이터엔지니어링팀,ETL파트,오지훈,002022280,01080532185,AI서비스팀,모델링파트,서지후,
클라우드,클라우드-모니터링-204,데이터엔지니어링팀,ETL파트,최지아,027899251,01053373703,정보보안팀,모델링파트,한유진,002022863,01092785611,데이터엔지니어링팀,모델링파트,이서준,
네트워크,네트워크-방화벽관리-205,데이터엔지니어링팀,ETL파트,김춘자,027894243,01047225946,AI서비스팀,API개발파트,김민준,002022353,01010352341,클라우드인프라팀,API개발파트,이서준,
네트워크,네트워크-네트워크장비-206,플랫폼개발팀,서버파트,곽민지,027892405,01098635920,클라우드인프라팀,ETL파트,장도윤,002022864,01052517693,플랫폼개발팀,모델링파트,윤서연,
인프라,인프라-서버관리-207,정보보안팀,서버파트,김숙자,027899495,01099857235,정보보안팀,ETL파트,윤서연,002022114,01036346197,클라우드인프라팀,보안운영파트,장도윤,
인프라,인프라-백업시스템-208,클라우드인프라팀,ETL파트,심미영,027892577,01031607249,플랫폼개발팀,보안운영파트,장도윤,002022863,01071224069,데이터엔지니어링팀,API개발파트,박지후,
ITSM,ITSM-서비스포탈-209,AI서비스팀,서버파트,황종수,027894952,01022238107,정보보안팀,서버파트,장도윤,002022703,01077800636,데이터엔지니어링팀,API개발파트,정하윤,
ITSM,ITSM-장애관리-210,정보보안팀,모델링파트,서서연,027890061,01042006279,데이터엔지니어링팀,보안운영파트,한유진,002022338,01048416805,데이터엔지니어링팀,API개발파트,서지후,
ERP,ERP-인사관리-211,플랫폼개발팀,ETL파트,손성수,027896675,01019242885,정보보안팀,서버파트,최예린,002022863,01046549399,클라우드인프라팀,보안운영파트,윤서연,
ERP,ERP-재무회계-212,클라우드인프라팀,보안운영파트,김정웅,027899676,01049413355,데이터엔지니어링팀,API개발파트,김민준,002022009,01002431497,정보보안팀,ETL파트,이서준,
MES,MES-생산관리-213,AI서비스팀,API개발파트,윤경숙,027897725,01064362824,클라우드인프라팀,보안운영파트,오지훈,002022899,01087762855,정보보안팀,모델링파트,최예린,
WMS,WMS-창고관리-214,데이터엔지니어링팀,서버파트,박종수,027899194,01079946995,정보보안팀,API개발파트,한유진,002022189,01049464342,클라우드인프라팀,ETL파트,오지훈,
CRM,CRM-고객관리-215,데이터엔지니어링팀,보안운영파트,김민준,027898309,01077800636,AI서비스팀,ETL파트,정하윤,002022324,01019242885,정보보안팀,API개발파트,박지후,
SRM,SRM-구매관리-216,정보보안팀,서버파트,노영식,027891102,01075164306,데이터엔지니어링팀,모델링파트,최예린,002022596,01025088982,클라우드인프라팀,서버파트,한유진,
SCM,SCM-공급망관리-217,정보보안팀,API개발파트,이영미,027893708,01042791463,정보보안팀,보안운영파트,김민준,002022250,01093822730,플랫폼개발팀,ETL파트,박지후,
보안,보안-접근제어-218,플랫폼개발팀,보안운영파트,이은주,027894227,01090068555,클라우드인프라팀,ETL파트,박지후,002022465,01078429325,정보보안팀,모델링파트,박지후,
보안,보안-계정관리-219,플랫폼개발팀,모델링파트,김예원,027891165,01052689636,AI서비스팀,보안운영파트,정하윤,002022341,01033284938,AI서비스팀,보안운영파트,정하윤,
보안,보안-침해탐지-220,플랫폼개발팀,API개발파트,권정숙,027895876,01008724361,클라우드인프라팀,서버파트,장도윤,002022083,01028503655,AI서비스팀,API개발파트,정하윤,
AI,AI-챗봇상담-221,데이터엔지니어링팀,서버파트,윤은주,027894379,01053469305,AI서비스팀,서버파트,한유진,002022203,01008595073,플랫폼개발팀,API개발파트,최예린,
AI,AI-수요예측-222,AI서비스팀,보안운영파트,박예은,027895731,01088143154,데이터엔지니어링팀,보안운영파트,윤서연,002022857,01007768656,클라우드인프라팀,모델링파트,최예린,
AI,AI-문서분석-223,AI서비스팀,보안운영파트,홍현정,027890466,01096724146,클라우드인프라팀,ETL파트,한유진,002022323,01000442637,정보보안팀,ETL파트,장도윤,
데이터,데이터-ETL플랫폼-224,클라우드인프라팀,API개발파트,윤지민,027897863,01027750927,클라우드인프라팀,보안운영파트,김민준,002022476,01048382363,플랫폼개발팀,모델링파트,서지후,
데이터,데이터-허브-225,AI서비스팀,서버파트,안영숙,027899950,01048382363,데이터엔지니어링팀,API개발파트,오지훈,002022313,01062827153,클라우드인프라팀,보안운영파트,김민준,
모니터링,모니터링-장애감시-226,정보보안팀,보안운영파트,이민지,027899987,01024097705,AI서비스팀,서버파트,윤서연,002022025,01037448005,플랫폼개발팀,서버파트,윤서연,
모니터링,모니터링-로그분석-227,정보보안팀,API개발파트,전예준,027897429,01052517693,플랫폼개발팀,서버파트,윤서연,002022932,01026505962,AI서비스팀,ETL파트,김민준,
그룹웨어,그룹웨어-전자결재-228,플랫폼개발팀,API개발파트,김준서,027890412,01064371575,정보보안팀,모델링파트,박지후,002022122,01004957473,데이터엔지니어링팀,서버파트,장도윤,
그룹웨어,그룹웨어-메일시스템-229,정보보안팀,ETL파트,최주원,027899377,01035202199,플랫폼개발팀,API개발파트,한유진,002022453,01074592753,AI서비스팀,API개발파트,오지훈,
모바일,모바일-사내앱-230,클라우드인프라팀,ETL파트,정은주,027894881,01092785611,데이터엔지니어링팀,보안운영파트,김민준,002022564,01097964280,데이터엔지니어링팀,서버파트,김민준,
포탈,포탈-인트라넷-231,AI서비스팀,보안운영파트,한옥자,027894157,01068954910,AI서비스팀,ETL파트,오지훈,002022549,01019395916,AI서비스팀,서버파트,오지훈,
포탈,포탈-고객사이트-232,AI서비스팀,서버파트,윤진우,027896492,01019395916,정보보안팀,API개발파트,윤서연,002022635,01088573730,클라우드인프라팀,API개발파트,최예린,
클라우드,클라우드-자원관리-233,정보보안팀,API개발파트,황영수,027895795,01073140643,AI서비스팀,ETL파트,김민준,002022879,01043581750,정보보안팀,서버파트,오지훈,
클라우드,클라우드-모니터링-234,AI서비스팀,서버파트,김정순,027893006,01090547133,클라우드인프라팀,서버파트,오지훈,002022221,01030820920,플랫폼개발팀,ETL파트,윤서연,
네트워크,네트워크-방화벽관리-235,AI서비스팀,모델링파트,이민수,027892225,01025088982,플랫폼개발팀,모델링파트,윤서연,002022808,01003544149,데이터엔지니어링팀,모델링파트,최예린,
네트워크,네트워크-네트워크장비-236,클라우드인프라팀,서버파트,김옥자,027895089,01027600467,플랫폼개발팀,서버파트,오지훈,002022203,01093896424,데이터엔지니어링팀,모델링파트,윤서연,
인프라,인프라-서버관리-237,플랫폼개발팀,API개발파트,최채원,027897373,01079607774,플랫폼개발팀,모델링파트,이서준,002022604,01098635920,플랫폼개발팀,보안운영파트,오지훈,
인프라,인프라-백업시스템-238,정보보안팀,서버파트,김윤서,027893348,01065053377,플랫폼개발팀,API개발파트,정하윤,002022445,01079607774,정보보안팀,API개발파트,김민준,
ITSM,ITSM-서비스포탈-239,클라우드인프라팀,모델링파트,진성훈,027897600,01068954910,데이터엔지니어링팀,ETL파트,최예린,002022568,01092693214,클라우드인프라팀,보안운영파트,윤서연,
ITSM,ITSM-장애관리-240,플랫폼개발팀,서버파트,이현주,027893875,01009118982,클라우드인프라팀,ETL파트,오지훈,002022438,01013069160,플랫폼개발팀,모델링파트,서지후,
ERP,ERP-인사관리-241,클라우드인프라팀,서버파트,양성호,027894810,01021672580,AI서비스팀,ETL파트,이서준,002022758,01027750927,클라우드인프라팀,ETL파트,박지후,
ERP,ERP-재무회계-242,클라우드인프라팀,ETL파트,김성호,027891800,01094827935,플랫폼개발팀,API개발파트,박지후,002022459,01082133753,정보보안팀,ETL파트,장도윤,
MES,MES-생산관리-243,AI서비스팀,보안운영파트,강지훈,027891036,01049967212,데이터엔지니어링팀,서버파트,박지후,002022350,01048416805,클라우드인프라팀,모델링파트,서지후,
WMS,WMS-창고관리-244,클라우드인프라팀,ETL파트,박민준,027897978,01069164692,데이터엔지니어링팀,서버파트,최예린,002022445,01034614361,데이터엔지니어링팀,모델링파트,오지훈,
CRM,CRM-고객관리-245,데이터엔지니어링팀,ETL파트,박순자,027891663,01036346197,정보보안팀,모델링파트,장도윤,002022040,01036091285,데이터엔지니어링팀,보안운영파트,박지후,
SRM,SRM-구매관리-246,AI서비스팀,서버파트,이서영,027895166,01010749328,AI서비스팀,ETL파트,박지후,002022221,01064362824,정보보안팀,보안운영파트,윤서연,
SCM,SCM-공급망관리-247,정보보안팀,모델링파트,강지연,027897159,01093693178,AI서비스팀,모델링파트,장도윤,002022083,01020891025,클라우드인프라팀,API개발파트,김민준,
보안,보안-접근제어-248,플랫폼개발팀,서버파트,이지연,027894757,01031607249,플랫폼개발팀,서버파트,윤서연,002022545,01054302763,AI서비스팀,모델링파트,장도윤,
보안,보안-계정관리-249,클라우드인프라팀,ETL파트,김성훈,027894086,01049413355,정보보안팀,보안운영파트,최예린,002022777,01006558554,데이터엔지니어링팀,API개발파트,한유진,
보안,보안-침해탐지-250,데이터엔지니어링팀,API개발파트,김영길,027894331,01073976915,데이터엔지니어링팀,모델링파트,오지훈,002022241,01052252136,정보보안팀,API개발파트,장도윤,
AI,AI-챗봇상담-251,정보보안팀,보안운영파트,김병철,027897811,01079390507,플랫폼개발팀,ETL파트,최예린,002022490,01010838029,플랫폼개발팀,API개발파트,김민준,
AI,AI-수요예측-252,클라우드인프라팀,보안운영파트,구지원,027898959,01056627442,플랫폼개발팀,API개발파트,윤서연,002022857,01022238107,데이터엔지니어링팀,모델링파트,김민준,
AI,AI-문서분석-253,플랫폼개발팀,모델링파트,김현숙,027890804,01052252136,정보보안팀,모델링파트,장도윤,002022459,01089248330,데이터엔지니어링팀,API개발파트,정하윤,
데이터,데이터-ETL플랫폼-254,AI서비스팀,서버파트,김우진,027896714,01027268618,플랫폼개발팀,API개발파트,장도윤,002022778,01045305219,정보보안팀,모델링파트,윤서연,
데이터,데이터-허브-255,데이터엔지니어링팀,모델링파트,홍정훈,027897729,01060858879,정보보안팀,서버파트,최예린,002022220,01037993378,정보보안팀,보안운영파트,장도윤,
모니터링,모니터링-장애감시-256,정보보안팀,모델링파트,최중수,027891604,01065790294,플랫폼개발팀,ETL파트,정하윤,002022124,01058894570,플랫폼개발팀,ETL파트,오지훈,
모니터링,모니터링-로그분석-257,정보보안팀,서버파트,송영진,027899113,01000367412,정보보안팀,ETL파트,이서준,002022459,01066751941,플랫폼개발팀,ETL파트,장도윤,
그룹웨어,그룹웨어-전자결재-258,클라우드인프라팀,서버파트,김수진,027896065,01048416805,플랫폼개발팀,보안운영파트,최예린,002022197,01039720966,플랫폼개발팀,서버파트,한유진,
그룹웨어,그룹웨어-메일시스템-259,AI서비스팀,모델링파트,최서준,027891097,01020990737,플랫폼개발팀,API개발파트,정하윤,002022777,01036956100,AI서비스팀,ETL파트,윤서연,
모바일,모바일-사내앱-260,플랫폼개발팀,서버파트,박민지,027898137,01010765631,AI서비스팀,API개발파트,오지훈,002022777,01093693178,클라우드인프라팀,ETL파트,박지후,
포탈,포탈-인트라넷-261,AI서비스팀,ETL파트,최서연,027895008,01085626562,플랫폼개발팀,보안운영파트,오지훈,002022941,01035839087,정보보안팀,API개발파트,박지후,
포탈,포탈-고객사이트-262,클라우드인프라팀,서버파트,박지은,027899351,01030507420,데이터엔지니어링팀,보안운영파트,정하윤,002022403,01081660535,정보보안팀,서버파트,서지후,
클라우드,클라우드-자원관리-263,데이터엔지니어링팀,모델링파트,장미경,027890618,01045151391,클라우드인프라팀,보안운영파트,박지후,002022645,01030507420,정보보안팀,모델링파트,한유진,
클라우드,클라우드-모니터링-264,플랫폼개발팀,ETL파트,강준혁,027897215,01081804171,플랫폼개발팀,보안운영파트,김민준,002022207,01012315213,플랫폼개발팀,서버파트,박지후,
네트워크,네트워크-방화벽관리-265,정보보안팀,ETL파트,김서연,027899572,01006913159,플랫폼개발팀,모델링파트,한유진,002022658,01033210482,클라우드인프라팀,서버파트,서지후,
네트워크,네트워크-네트워크장비-266,AI서비스팀,서버파트,김경희,027892711,01042006279,플랫폼개발팀,ETL파트,최예린,002022338,01000367412,플랫폼개발팀,보안운영파트,박지후,
인프라,인프라-서버관리-267,클라우드인프라팀,보안운영파트,이정훈,027890729,01044535517,플랫폼개발팀,API개발파트,정하윤,002022742,01048416805,플랫폼개발팀,모델링파트,최예린,
인프라,인프라-백업시스템-268,클라우드인프라팀,ETL파트,오주원,027894982,01036554757,클라우드인프라팀,모델링파트,최예린,002022851,01025088982,클라우드인프라팀,서버파트,윤서연,
ITSM,ITSM-서비스포탈-269,플랫폼개발팀,API개발파트,강도현,027893002,01010491839,플랫폼개발팀,보안운영파트,최예린,002022983,01042469568,AI서비스팀,모델링파트,최예린,
ITSM,ITSM-장애관리-270,데이터엔지니어링팀,서버파트,박예진,027898725,01028659711,AI서비스팀,서버파트,박지후,002022186,01048971407,클라우드인프라팀,API개발파트,최예린,
ERP,ERP-인사관리-271,AI서비스팀,ETL파트,엄은정,027898779,01055722424,클라우드인프라팀,보안운영파트,윤서연,002022115,01007616775,데이터엔지니어링팀,서버파트,박지후,
ERP,ERP-재무회계-272,정보보안팀,API개발파트,심현숙,027899905,01093896424,AI서비스팀,서버파트,박지후,002022822,01024111023,AI서비스팀,보안운영파트,한유진,
MES,MES-생산관리-273,클라우드인프라팀,모델링파트,서준서,027890220,01088404481,데이터엔지니어링팀,모델링파트,김민준,002022414,01054302763,데이터엔지니어링팀,보안운영파트,윤서연,
WMS,WMS-창고관리-274,정보보안팀,보안운영파트,안예지,027895381,01033284938,데이터엔지니어링팀,모델링파트,윤서연,002022911,01098635920,AI서비스팀,모델링파트,장도윤,
CRM,CRM-고객관리-275,클라우드인프라팀,서버파트,안현준,027894425,01033284938,AI서비스팀,서버파트,박지후,002022555,01065030642,데이터엔지니어링팀,모델링파트,이서준,
SRM,SRM-구매관리-276,클라우드인프라팀,모델링파트,박성현,027891411,01004538660,AI서비스팀,ETL파트,오지훈,002022862,01079475314,플랫폼개발팀,API개발파트,윤서연,
SCM,SCM-공급망관리-277,AI서비스팀,모델링파트,이옥순,027892422,01093375984,플랫폼개발팀,서버파트,오지훈,002022977,01061244216,AI서비스팀,모델링파트,김민준,
보안,보안-접근제어-278,AI서비스팀,API개발파트,오도현,027892318,01055722424,데이터엔지니어링팀,모델링파트,서지후,002022942,01013787631,플랫폼개발팀,서버파트,한유진,
보안,보안-계정관리-279,정보보안팀,보안운영파트,김지민,027895808,01089051607,AI서비스팀,서버파트,최예린,002022580,01019395916,클라우드인프라팀,ETL파트,최예린,
보안,보안-침해탐지-280,클라우드인프라팀,API개발파트,오병철,027891960,01091975318,AI서비스팀,서버파트,이서준,002022930,01025565803,플랫폼개발팀,API개발파트,박지후,
AI,AI-챗봇상담-281,클라우드인프라팀,ETL파트,류영숙,027894418,01022318589,데이터엔지니어링팀,보안운영파트,박지후,002022177,01042784005,AI서비스팀,보안운영파트,박지후,
AI,AI-수요예측-282,데이터엔지니어링팀,API개발파트,김예준,027895874,01087305378,플랫폼개발팀,보안운영파트,서지후,002022555,01053461587,플랫폼개발팀,모델링파트,정하윤,
AI,AI-문서분석-283,데이터엔지니어링팀,보안운영파트,박진호,027896211,01024777441,클라우드인프라팀,ETL파트,오지훈,002022684,01027750927,AI서비스팀,서버파트,윤서연,
데이터,데이터-ETL플랫폼-284,AI서비스팀,보안운영파트,이상현,027892682,01089248330,클라우드인프라팀,서버파트,이서준,002022207,01064362824,클라우드인프라팀,모델링파트,서지후,
데이터,데이터-허브-285,데이터엔지니어링팀,보안운영파트,손정수,027890843,01001794542,데이터엔지니어링팀,API개발파트,오지훈,002022094,01043241133,데이터엔지니어링팀,보안운영파트,정하윤,
모니터링,모니터링-장애감시-286,클라우드인프라팀,API개발파트,이영수,027892048,01006341248,클라우드인프라팀,서버파트,윤서연,002022824,01046426315,클라우드인프라팀,API개발파트,이서준,
모니터링,모니터링-로그분석-287,데이터엔지니어링팀,API개발파트,황은주,027894439,01066998701,플랫폼개발팀,보안운영파트,김민준,002022357,01084734887,AI서비스팀,모델링파트,오지훈,
그룹웨어,그룹웨어-전자결재-288,데이터엔지니어링팀,서버파트,장수빈,027899378,01088159423,플랫폼개발팀,API개발파트,김민준,002022115,01056475226,정보보안팀,모델링파트,오지훈,
그룹웨어,그룹웨어-메일시스템-289,클라우드인프라팀,서버파트,이준혁,027898731,01007201861,정보보안팀,API개발파트,서지후,002022453,01091856478,클라우드인프라팀,모델링파트,서지후,
모바일,모바일-사내앱-290,AI서비스팀,API개발파트,김정희,027897996,01091708534,플랫폼개발팀,서버파트,김민준,002022207,01056781252,AI서비스팀,ETL파트,한유진,
